{"epoch": 10, "train_loss": 2.3027092027664184, "train_accuracy": 0.09994, "_timestamp": 1685639171.7381055, "_runtime": 366.2720274925232, "_step": 10, "_wandb": {"runtime": 367}}