train_acc,train_loss,test_acc,test_loss
0.9997,0.0019390643271617592,0.9043,0.45008896589279174
