train_acc,train_loss,test_acc,test_loss
0.99998,0.0007400736783165485,0.9312,0.32447418868541716
