train_acc,train_loss,test_acc,test_loss
0.99996,0.0014169546193443239,0.9038,0.4351311683654785
