train_acc,train_loss,test_acc,test_loss
1.0,0.0011943603365216404,0.9181,0.33697483539581297
