train_acc,train_loss,test_acc,test_loss
0.1,2.3025390672683717,0.1,2.302539038658142
