train_acc,train_loss,test_acc,test_loss
1.0,0.000714650151785463,0.9248,0.30163758993148804
