train_acc,train_loss,test_acc,test_loss
0.9993,0.0037595182261429727,0.8959,0.5076614439487457
