{"epoch": 99, "train_loss": 0.0006857882835902274, "train_accuracy": 1.0, "learning_rate": 0.0, "test_accuracy": 0.9288, "test_loss": 0.2719757631421089, "_timestamp": 1685701789.8351574, "_runtime": 4729.091856479645, "_step": 99}