train_acc,train_loss,test_acc,test_loss
1.0,0.0007970004156231881,0.9208,0.3072139471769333
