train_acc,train_loss,test_acc,test_loss
1.0,0.0007219765626359731,0.9256,0.29584165960550307
