train_acc,train_loss,test_acc,test_loss
0.99982,0.0019103900832124054,0.7636,0.9510722100734711
