train_acc,train_loss,test_acc,test_loss
0.99986,0.0014634281548205764,0.9212,0.3829717993736267
