train_acc,train_loss,test_acc,test_loss
1.0,0.0007619819254614413,0.941,0.22648911476135253
