train_acc,train_loss,test_acc,test_loss
0.99996,0.0008691056305542588,0.9188,0.3320210695266724
