train_acc,train_loss,test_acc,test_loss
0.99998,0.0007716595148667693,0.9244,0.29597206711769103
