train_acc,train_loss,test_acc,test_loss
0.99986,0.001168835556600243,0.9209,0.39842774271965026
