train_acc,train_loss,test_acc,test_loss
0.9981,0.01102635490708053,0.9071,0.3633017182350159
