train_acc,train_loss,test_acc,test_loss
0.99996,0.001632602803874761,0.9307,0.28724768906831744
