train_acc,train_loss,test_acc,test_loss
0.9998,0.0013474872906226664,0.9205,0.3850376158952713
