train_acc,train_loss,test_acc,test_loss
0.99958,0.0031030272762291133,0.8994,0.46949930489063263
