train_acc,train_loss,test_acc,test_loss
1.0,0.0001351658726343885,0.9475,0.20251352787017823
