train_acc,train_loss,test_acc,test_loss
1.0,0.0005156707594869658,0.9437,0.2173611730337143
