train_acc,train_loss,test_acc,test_loss
0.99998,0.0007600306964013725,0.9209,0.32097268402576445
