train_acc,train_loss,test_acc,test_loss
0.99972,0.0036419144924730064,0.72,1.2240578293800355
