train_acc,train_loss,test_acc,test_loss
1.0,0.0013664230774156749,0.9027,0.4138661205768585
