train_acc,train_loss,test_acc,test_loss
0.99698,0.01449048899114132,0.9142,0.34595814645290374
