train_acc,train_loss,test_acc,test_loss
0.99996,0.0010111716063693167,0.9176,0.3314224720001221
