train_acc,train_loss,test_acc,test_loss
0.99982,0.0013475820096209646,0.9178,0.41134772896766664
