train_acc,train_loss,test_acc,test_loss
0.99968,0.011022611781954765,0.7102,1.2136844635009765
