train_acc,train_loss,test_acc,test_loss
0.1,2.302539038658142,0.1,2.302539086341858
