train_acc,train_loss,test_acc,test_loss
0.99688,0.014886226579546928,0.9104,0.3438727602362633
