train_acc,train_loss,test_acc,test_loss
1.0,0.0001746574413846247,0.9554,0.1784883812069893
