train_acc,train_loss,test_acc,test_loss
0.99998,0.0009134501020889729,0.9185,0.3243684768676758
