train_acc,train_loss,test_acc,test_loss
1.0,0.0003701589780393988,0.9419,0.25273620933294294
