train_acc,train_loss,test_acc,test_loss
1.0,0.00021826052266987972,0.9412,0.2698441356420517
