train_acc,train_loss,test_acc,test_loss
0.99914,0.007694257320836186,0.9151,0.33140902817249296
