train_acc,train_loss,test_acc,test_loss
0.99998,0.0013826265395618974,0.9051,0.4130948930978775
