train_acc,train_loss,test_acc,test_loss
1.0,0.0007213846233207733,0.9235,0.29499791115522384
