train_acc,train_loss,test_acc,test_loss
1.0,0.0007086884055752307,0.9236,0.30179393887519834
