train_acc,train_loss,test_acc,test_loss
1.0,0.0005787487176712602,0.9465,0.2004650801420212
