train_acc,train_loss,test_acc,test_loss
0.9973,0.014202377777546644,0.9133,0.3238368570804596
