train_acc,train_loss,test_acc,test_loss
0.99996,0.0014627626375295223,0.9027,0.4321612805128098
