train_acc,train_loss,test_acc,test_loss
1.0,0.0008993874571751803,0.933,0.2804476648569107
