train_acc,train_loss,test_acc,test_loss
0.9999,0.0012832395115401597,0.914,0.3390109419822693
