train_acc,train_loss,test_acc,test_loss
0.99994,0.00036607102054404095,0.9347,0.29880141615867617
