train_acc,train_loss,test_acc,test_loss
0.9984,0.014980001877993344,0.6792,1.7687449336051941
