train_acc,train_loss,test_acc,test_loss
1.0,0.000713882768759504,0.941,0.23344991505146026
