train_acc,train_loss,test_acc,test_loss
1.0,0.0002081367126083933,0.9394,0.2747901514172554
