train_acc,train_loss,test_acc,test_loss
0.99976,0.0028168263426050543,0.7348,1.1933640480041503
