train_acc,train_loss,test_acc,test_loss
1.0,0.0007091755489818752,0.9222,0.3076634377241135
