train_acc,train_loss,test_acc,test_loss
1.0,0.0006795339938253164,0.932,0.30554135143756866
