train_acc,train_loss,test_acc,test_loss
1.0,0.0003525587811600417,0.9416,0.25584676861763
