train_acc,train_loss,test_acc,test_loss
0.99996,0.0011173754709307105,0.9156,0.3321830898523331
