train_acc,train_loss,test_acc,test_loss
1.0,0.0008241063624154776,0.9191,0.3191694676876068
