train_acc,train_loss,test_acc,test_loss
0.99744,0.011735780974850058,0.9068,0.35920368432998656
