train_acc,train_loss,test_acc,test_loss
0.99982,0.0018536805780604482,0.7659,0.9584425449371338
