train_acc,train_loss,test_acc,test_loss
0.99998,0.0013952996244188398,0.8997,0.42268253266811373
