train_acc,train_loss,test_acc,test_loss
0.9999,0.0007929232594324275,0.9337,0.30377407371997833
