train_acc,train_loss,test_acc,test_loss
0.9979,0.016079486142843963,0.6823,1.7356449604034423
