train_acc,train_loss,test_acc,test_loss
0.99994,0.0009483770933002234,0.9323,0.273285873234272
