train_acc,train_loss,test_acc,test_loss
1.0,0.00011975781701039522,0.9471,0.214222714304924
