train_acc,train_loss,test_acc,test_loss
0.99998,0.0008328091632574797,0.9199,0.3067710518836975
