train_acc,train_loss,test_acc,test_loss
1.0,0.00021749691397417336,0.9357,0.3007493183016777
