train_acc,train_loss,test_acc,test_loss
1.0,0.0001497151747753378,0.9479,0.2173885479569435
