train_acc,train_loss,test_acc,test_loss
0.1,2.302539052963257,0.1,2.302539086341858
