train_acc,train_loss,test_acc,test_loss
0.99998,0.0013810836430639029,0.9323,0.2784308150410652
