train_acc,train_loss,test_acc,test_loss
1.0,0.0007877366826869547,0.9218,0.30963541716337206
