train_acc,train_loss,test_acc,test_loss
0.99998,0.0008949759078677743,0.9176,0.3319029599428177
