train_acc,train_loss,test_acc,test_loss
0.99978,0.004339592172764242,0.7665,0.9383150100708008
