train_acc,train_loss,test_acc,test_loss
1.0,0.0001460671161476057,0.9486,0.22718339264392853
