train_acc,train_loss,test_acc,test_loss
0.99996,0.0014945685141719877,0.9011,0.4536000698804855
