train_acc,train_loss,test_acc,test_loss
1.0,0.00021605603891657665,0.9581,0.16181796416640282
