train_acc,train_loss,test_acc,test_loss
1.0,0.0001591677832766436,0.9541,0.1854896143078804
