train_acc,train_loss,test_acc,test_loss
0.99948,0.0033405322511680423,0.8997,0.4766318559646606
