train_acc,train_loss,test_acc,test_loss
1.0,0.0004551124450517818,0.9514,0.17897481620311737
