train_acc,train_loss,test_acc,test_loss
0.99998,0.0013476390903815628,0.9312,0.26338441371917726
