train_acc,train_loss,test_acc,test_loss
0.99996,0.0009253905469086021,0.919,0.33135421872138976
