train_acc,train_loss,test_acc,test_loss
0.99996,0.001261713121784851,0.9158,0.3483069360256195
