train_acc,train_loss,test_acc,test_loss
1.0,0.00014984919835114852,0.947,0.24189822226762772
