train_acc,train_loss,test_acc,test_loss
1.0,0.00021725232625612989,0.9584,0.16159876212477683
