train_acc,train_loss,test_acc,test_loss
0.99978,0.004406974408775568,0.7741,0.9160245776176452
