train_acc,train_loss,test_acc,test_loss
0.99968,0.0036671096319332718,0.7243,1.202515959739685
