train_acc,train_loss,test_acc,test_loss
0.99962,0.0025031756656244395,0.9162,0.38377678394317627
