train_acc,train_loss,test_acc,test_loss
1.0,0.000733140385709703,0.9208,0.3066054955124855
