train_acc,train_loss,test_acc,test_loss
0.9995,0.0026477727631572636,0.9187,0.38626745641231536
