train_acc,train_loss,test_acc,test_loss
0.99996,0.0008222314424347132,0.9206,0.3179955452680588
