train_acc,train_loss,test_acc,test_loss
0.9998,0.006326274732127785,0.7444,1.0228691756725312
