train_acc,train_loss,test_acc,test_loss
0.96766,0.14429970413446427,0.6666,1.4024544477462768
