train_acc,train_loss,test_acc,test_loss
0.99978,0.002887064702808857,0.7345,1.1924033880233764
