train_acc,train_loss,test_acc,test_loss
0.9998,0.006242720987647772,0.7436,1.0252301514148712
