train_acc,train_loss,test_acc,test_loss
1.0,0.0006280082149896771,0.9426,0.20335778445005417
