train_acc,train_loss,test_acc,test_loss
1.0,0.00019840362772811205,0.9582,0.16706737130880356
