train_acc,train_loss,test_acc,test_loss
0.96838,0.14282649323344232,0.6594,1.4344699263572693
