train_acc,train_loss,test_acc,test_loss
1.0,0.00021577549021458252,0.9581,0.1584410011768341
