train_acc,train_loss,test_acc,test_loss
1.0,0.0010698257817421109,0.9171,0.3372418493032455
