train_acc,train_loss,test_acc,test_loss
1.0,0.0009628774109296501,0.9165,0.32549127340316775
