train_acc,train_loss,test_acc,test_loss
1.0,0.00015995285124517978,0.9483,0.20907245874404906
