train_acc,train_loss,test_acc,test_loss
0.99958,0.011629173178225755,0.7049,1.236058521270752
