train_acc,train_loss,test_acc,test_loss
0.9987,0.008124357461929322,0.9116,0.3406699180603027
