train_acc,train_loss,test_acc,test_loss
1.0,6.121724260689613e-05,0.9906,0.03651879802346229
