train_acc,train_loss,test_acc,test_loss
0.9999666666666667,0.00014096451844428277,0.9901,0.05083196442574263
