train_acc,train_loss,test_acc,test_loss
0.9998166666666667,0.001027969351465193,0.9884,0.05640714727342129
