train_acc,train_loss,test_acc,test_loss
1.0,2.465560057392698e-05,0.9916,0.04055382944643497
