train_acc,train_loss,test_acc,test_loss
0.9999833333333333,0.00019085005205852213,0.9903,0.041469781380146745
