train_acc,train_loss,test_acc,test_loss
0.99845,0.0058048191897493474,0.988,0.056318461894989014
