train_acc,train_loss,test_acc,test_loss
1.0,0.00010561905479941439,0.9917,0.02922386843711138
