train_acc,train_loss,test_acc,test_loss
1.0,8.781427429009152e-05,0.9923,0.029036018438637255
