train_acc,train_loss,test_acc,test_loss
1.0,4.053930817159805e-05,0.9912,0.044550963677465916
