train_acc,train_loss,test_acc,test_loss
0.9999666666666667,0.0005306802857376169,0.9909,0.030144906230270864
