train_acc,train_loss,test_acc,test_loss
1.0,0.00021066540563576078,0.991,0.028725409228354693
