train_acc,train_loss,test_acc,test_loss
0.9995166666666667,0.0033656543392377595,0.9906,0.03283246522769332
