train_acc,train_loss,test_acc,test_loss
0.9897166666666667,0.03337718108668923,0.9813,0.06751484796404839
