train_acc,train_loss,test_acc,test_loss
1.0,9.352455335829291e-05,0.9914,0.03732053730636835
