train_acc,train_loss,test_acc,test_loss
0.9999166666666667,0.001232900388034371,0.9897,0.03498238641768694
