train_acc,train_loss,test_acc,test_loss
1.0,1.1032024192066577e-05,0.992,0.040307657420635225
