train_acc,train_loss,test_acc,test_loss
1.0,1.0807097002422476e-05,0.9919,0.04079369939863682
