train_acc,train_loss,test_acc,test_loss
1.0,1.0381544727996091e-05,0.9924,0.04055551737546921
