train_acc,train_loss,test_acc,test_loss
0.9997833333333334,0.0015654768038075417,0.9902,0.039002609066665174
