train_acc,train_loss,test_acc,test_loss
0.9999333333333333,0.0002940510911381959,0.9905,0.04551178775727749
