train_acc,train_loss,test_acc,test_loss
1.0,2.6286531889733546e-05,0.9904,0.0546979758888483
