train_acc,train_loss,test_acc,test_loss
1.0,9.292148835508366e-06,0.9921,0.040735543332993986
