train_acc,train_loss,test_acc,test_loss
0.9999833333333333,0.000370064240511662,0.99,0.04079352393746376
