train_acc,train_loss,test_acc,test_loss
0.9998666666666667,0.0010458352427425174,0.9891,0.04814699366688728
