train_acc,train_loss,test_acc,test_loss
0.9999833333333333,0.0002891142084990861,0.9908,0.034183270297944546
