train_acc,train_loss,test_acc,test_loss
0.9999666666666667,0.00021052219074893703,0.9912,0.042676192708313465
