train_acc,train_loss,test_acc,test_loss
0.9999666666666667,9.791622645328364e-05,0.9908,0.04418438840657472
