train_acc,train_loss,test_acc,test_loss
0.99995,0.00023832590147018589,0.9894,0.04730437695980072
