train_acc,train_loss,test_acc,test_loss
1.0,7.65932074803762e-05,0.9913,0.03468549009412527
