train_acc,train_loss,test_acc,test_loss
0.9995666666666667,0.0017658139734218518,0.9869,0.05483197905123234
