train_acc,train_loss,test_acc,test_loss
1.0,1.993958532390631e-05,0.9925,0.033684789389371875
