train_acc,train_loss,test_acc,test_loss
0.9999833333333333,0.00030516509383839244,0.9918,0.032011736370623115
