train_acc,train_loss,test_acc,test_loss
0.9999833333333333,0.00017674095191371936,0.9899,0.04091778974980116
