train_acc,train_loss,test_acc,test_loss
0.9956666666666667,0.014059121549750368,0.9856,0.05191081762313843
