train_acc,train_loss,test_acc,test_loss
0.9990333333333333,0.004292011365760118,0.9876,0.04610069319605827
