train_acc,train_loss,test_acc,test_loss
0.99995,0.0003802464763187648,0.9893,0.05576274283230305
