train_acc,train_loss,test_acc,test_loss
0.9999166666666667,0.0010859809088287875,0.9912,0.03096424452960491
