train_acc,train_loss,test_acc,test_loss
1.0,1.9672962541032272e-05,0.9927,0.03370436104014516
