train_acc,train_loss,test_acc,test_loss
1.0,3.071479158431127e-05,0.9915,0.04141012225300074
