train_acc,train_loss,test_acc,test_loss
0.9999666666666667,0.0002091200521135761,0.9903,0.05462396051734686
