train_acc,train_loss,test_acc,test_loss
1.0,1.0738449847735865e-05,0.9927,0.04400723036378622
