train_acc,train_loss,test_acc,test_loss
1.0,0.00014344505586147231,0.9913,0.027053391374647618
