train_acc,train_loss,test_acc,test_loss
0.9997666666666667,0.0015369992159927884,0.9905,0.03672424890100956
