train_acc,train_loss,test_acc,test_loss
1.0,0.00020123330814385553,0.9912,0.03363242968916893
