train_acc,train_loss,test_acc,test_loss
1.0,4.346421190651502e-05,0.9922,0.029137137345969677
