train_acc,train_loss,test_acc,test_loss
0.9999833333333333,0.00014317567577866916,0.9917,0.03001112025231123
