train_acc,train_loss,test_acc,test_loss
0.9932833333333333,0.02144338465295732,0.9823,0.055134781450033185
