train_acc,train_loss,test_acc,test_loss
1.0,3.665632637724533e-05,0.992,0.03294161595404148
