train_acc,train_loss,test_acc,test_loss
0.9999833333333333,0.00016574828944915983,0.9898,0.0452601196244359
