train_acc,train_loss,test_acc,test_loss
0.9999333333333333,0.00024137181438466844,0.9892,0.04514865688979626
