train_acc,train_loss,test_acc,test_loss
0.99995,0.0003483209762028613,0.9907,0.043140660412609576
