train_acc,train_loss,test_acc,test_loss
1.0,2.2581441983978343e-05,0.9928,0.03259281497448683
