train_acc,train_loss,test_acc,test_loss
0.9997,0.0021989426255458965,0.9874,0.04685468059033156
