train_acc,train_loss,test_acc,test_loss
1.0,3.589020157050982e-05,0.9929,0.029783117491751908
