train_acc,train_loss,test_acc,test_loss
0.9999833333333333,0.00010482866553805555,0.9912,0.037499196268618105
