train_acc,train_loss,test_acc,test_loss
0.9999833333333333,0.0001376037391916422,0.9913,0.039040475711226465
