train_acc,train_loss,test_acc,test_loss
0.99995,0.00030374892618662366,0.9901,0.04922899529337883
