train_acc,train_loss,test_acc,test_loss
0.99915,0.0037102575064636768,0.9864,0.059746015816926956
