train_acc,train_loss,test_acc,test_loss
1.0,5.685553292096301e-05,0.9924,0.03555102935060859
