train_acc,train_loss,test_acc,test_loss
0.9973166666666666,0.010781463972913722,0.9869,0.041446732729673384
