train_acc,train_loss,test_acc,test_loss
0.9999666666666667,8.811738659157224e-05,0.9916,0.044689312018454073
