train_acc,train_loss,test_acc,test_loss
1.0,1.510950191535206e-05,0.992,0.03709492525085807
