train_acc,train_loss,test_acc,test_loss
0.9982666666666666,0.006592521106358618,0.987,0.04703787434846163
