train_acc,train_loss,test_acc,test_loss
0.9999833333333333,9.64018031784993e-05,0.9902,0.04795645009726286
