train_acc,train_loss,test_acc,test_loss
0.9999833333333333,0.0001998225876983876,0.9896,0.06346487253904343
