train_acc,train_loss,test_acc,test_loss
0.9999166666666667,0.000364736576739233,0.9894,0.06138859167695045
