train_acc,train_loss,test_acc,test_loss
0.9999166666666667,0.0005325065603149899,0.9891,0.05933495797216892
