train_acc,train_loss,test_acc,test_loss
1.0,3.692746639292939e-05,0.993,0.030742205679416656
