train_acc,train_loss,test_acc,test_loss
0.99975,0.0018035056331427769,0.987,0.046894585341215135
