train_acc,train_loss,test_acc,test_loss
1.0,1.1584813790932458e-05,0.9927,0.03760533360764384
