train_acc,train_loss,test_acc,test_loss
1.0,1.1625757823215584e-05,0.9928,0.03608925705775619
