train_acc,train_loss,test_acc,test_loss
0.9948166666666667,0.016995238380817075,0.9833,0.054466919600963594
