train_acc,train_loss,test_acc,test_loss
0.9996833333333334,0.0017634018450432146,0.9873,0.053549282066524026
