train_acc,train_loss,test_acc,test_loss
0.99995,0.0002614896112694017,0.9896,0.05597191601991654
