train_acc,train_loss,test_acc,test_loss
0.99975,0.0016937543972744607,0.9859,0.05298597365617752
