train_acc,train_loss,test_acc,test_loss
1.0,0.00037473471117361137,0.9904,0.032681679166853425
