train_acc,train_loss,test_acc,test_loss
1.0,0.00015868881385661855,0.9907,0.04856063649058342
