train_acc,train_loss,test_acc,test_loss
1.0,3.751736448975862e-05,0.9928,0.029307454265654086
