train_acc,train_loss,test_acc,test_loss
1.0,1.695697388110299e-05,0.9928,0.03328110910952091
