train_acc,train_loss,test_acc,test_loss
0.99905,0.005342192625782142,0.9893,0.03702193684875965
