train_acc,train_loss,test_acc,test_loss
0.9999666666666667,0.0006437964759243187,0.9915,0.02904287036508322
