train_acc,train_loss,test_acc,test_loss
0.99985,0.001710384899827962,0.9888,0.03367429655045271
