train_acc,train_loss,test_acc,test_loss
0.9955166666666667,0.01564208019990474,0.9846,0.054360538721084595
