train_acc,train_loss,test_acc,test_loss
0.9999666666666667,0.0002119838537510077,0.9895,0.05955350324511528
