train_acc,train_loss,test_acc,test_loss
0.9993333333333333,0.003372088208561763,0.9873,0.05280832517892122
