train_acc,train_loss,test_acc,test_loss
0.9988666666666667,0.006286131920448194,0.9879,0.04221886992454529
