train_acc,train_loss,test_acc,test_loss
0.9999833333333333,0.00024414246654487216,0.9894,0.041802551783621314
