train_acc,train_loss,test_acc,test_loss
0.9996833333333334,0.001771181370713748,0.9874,0.05153303164988756
