train_acc,train_loss,test_acc,test_loss
0.11236666666666667,2.301159969965617,0.1135,2.301020073890686
