train_acc,train_loss,test_acc,test_loss
1.0,2.8809985966897026e-05,0.9915,0.029816009942442177
