train_acc,train_loss,test_acc,test_loss
1.0,1.1473603888134675e-05,0.9923,0.03851728066802025
