train_acc,train_loss,test_acc,test_loss
1.0,1.8077603382001447e-05,0.9916,0.03900688961148262
