train_acc,train_loss,test_acc,test_loss
1.0,1.8303659999219235e-05,0.9926,0.03402864262461662
