train_acc,train_loss,test_acc,test_loss
0.9999333333333333,0.0003859807303645842,0.99,0.06362596452236176
