train_acc,train_loss,test_acc,test_loss
0.9999833333333333,0.00014301435236726927,0.9897,0.061524002254009245
