train_acc,train_loss,test_acc,test_loss
1.0,6.068122587142473e-05,0.9911,0.036553246807307004
