train_acc,train_loss,test_acc,test_loss
0.9997666666666667,0.0015085591575674092,0.9878,0.0414545463398099
