train_acc,train_loss,test_acc,test_loss
1.0,4.178028493697639e-05,0.9928,0.028405906818807124
