train_acc,train_loss,test_acc,test_loss
0.9999666666666667,0.0005529083338236281,0.9914,0.02810792177915573
