train_acc,train_loss,test_acc,test_loss
0.9998833333333333,0.0005659368795022601,0.9891,0.055650569871068
