train_acc,train_loss,test_acc,test_loss
0.9999833333333333,0.0001374527249330034,0.991,0.04215614721179008
