train_acc,train_loss,test_acc,test_loss
1.0,1.606116148119933e-05,0.9919,0.03482321947813034
