train_acc,train_loss,test_acc,test_loss
1.0,9.010327609833742e-06,0.9924,0.040674279630184176
