train_acc,train_loss,test_acc,test_loss
0.99975,0.0014011349487797512,0.9879,0.06164297442883253
