train_acc,train_loss,test_acc,test_loss
0.9985,0.006269972131121904,0.9863,0.04860049560666084
