train_acc,train_loss,test_acc,test_loss
0.9997,0.0016152276482898742,0.9876,0.05291398223489523
