train_acc,train_loss,test_acc,test_loss
1.0,3.44500223036448e-05,0.9919,0.03590540597215295
