train_acc,train_loss,test_acc,test_loss
0.9976666666666667,0.008661085378844292,0.985,0.057922744378447535
