train_acc,train_loss,test_acc,test_loss
1.0,1.8474291865307655e-05,0.992,0.03802498411387205
