train_acc,train_loss,test_acc,test_loss
0.9999333333333333,0.0008183330462391799,0.9897,0.030570070166140793
