train_acc,train_loss,test_acc,test_loss
0.9998,0.0009974764514481648,0.9873,0.06643016226589679
