train_acc,train_loss,test_acc,test_loss
1.0,2.3172811499231708e-05,0.9928,0.030204611271619795
