train_acc,train_loss,test_acc,test_loss
1.0,3.135632874394408e-05,0.9923,0.032331970147788526
