train_acc,train_loss,test_acc,test_loss
0.9997833333333334,0.0017683528441314897,0.9865,0.04957922007888556
