train_acc,train_loss,test_acc,test_loss
1.0,3.667746000246552e-05,0.9909,0.04183432795107365
