train_acc,train_loss,test_acc,test_loss
0.99995,0.0008151757215576557,0.9906,0.029379330202937128
