train_acc,train_loss,test_acc,test_loss
0.9999166666666667,0.0011602175111571948,0.9908,0.027952430956065654
