train_acc,train_loss,test_acc,test_loss
0.9999833333333333,0.0001510211738301829,0.992,0.028236436285078527
