train_acc,train_loss,test_acc,test_loss
0.9998333333333334,0.001798857511797299,0.9916,0.03021554322913289
