train_acc,train_loss,test_acc,test_loss
1.0,3.069881521848098e-05,0.9909,0.03603995591402054
