train_acc,train_loss,test_acc,test_loss
0.9999666666666667,0.00011882907168304276,0.9902,0.049482261575758454
