train_acc,train_loss,test_acc,test_loss
1.0,8.094701533423176e-06,0.9915,0.040964114293456075
