train_acc,train_loss,test_acc,test_loss
0.9997833333333334,0.0011285094801375332,0.9877,0.05580136608332396
