train_acc,train_loss,test_acc,test_loss
0.99995,0.00024360671638229786,0.9897,0.05415641404688358
