train_acc,train_loss,test_acc,test_loss
1.0,1.0746796683254918e-05,0.9915,0.04235548861324787
