train_acc,train_loss,test_acc,test_loss
1.0,7.3786236741095e-05,0.9918,0.044220782816410065
