train_acc,train_loss,test_acc,test_loss
1.0,7.801730710828754e-05,0.9919,0.032226454094052316
