train_acc,train_loss,test_acc,test_loss
0.9999666666666667,0.000627931862254627,0.9913,0.028939763270318507
