train_acc,train_loss,test_acc,test_loss
0.9999833333333333,8.615473307145294e-05,0.9912,0.044065835792571305
