train_acc,train_loss,test_acc,test_loss
1.0,0.0001685976610436531,0.9889,0.04961038082838058
