train_acc,train_loss,test_acc,test_loss
0.9999666666666667,0.00021814125617917549,0.9904,0.04532481152564287
