train_acc,train_loss,test_acc,test_loss
1.0,7.496810652204051e-05,0.992,0.027934000175446273
