train_acc,train_loss,test_acc,test_loss
1.0,3.760670845167624e-05,0.9913,0.04612620379775763
