train_acc,train_loss,test_acc,test_loss
0.9992833333333333,0.003151701112316611,0.9867,0.05288096722215414
