train_acc,train_loss,test_acc,test_loss
0.9991,0.009063044050708412,0.9912,0.02618115833029151
