train_acc,train_loss,test_acc,test_loss
1.0,2.0877549343367718e-05,0.992,0.03896957505494356
