train_acc,train_loss,test_acc,test_loss
1.0,0.0002047684503243848,0.9919,0.02896839389577508
