train_acc,train_loss,test_acc,test_loss
0.9999333333333333,0.0004404553532367572,0.9907,0.045798392966389656
