train_acc,train_loss,test_acc,test_loss
1.0,2.2653887306963345e-05,0.9922,0.034014136902987956
