train_acc,train_loss,test_acc,test_loss
1.0,0.00012210702461743495,0.9918,0.0323605764657259
