train_acc,train_loss,test_acc,test_loss
1.0,7.582042668256387e-06,0.9926,0.0392862131819129
