train_acc,train_loss,test_acc,test_loss
0.9999833333333333,0.00013161466998402223,0.9893,0.05660929158329964
