train_acc,train_loss,test_acc,test_loss
0.9999833333333333,0.00011519936482121315,0.9901,0.056039486080408096
