train_acc,train_loss,test_acc,test_loss
0.99615,0.014045264835779865,0.9859,0.052262156084179875
