train_acc,train_loss,test_acc,test_loss
1.0,9.698297488588043e-06,0.9923,0.04084319081157446
