train_acc,train_loss,test_acc,test_loss
1.0,7.33309666581287e-05,0.991,0.04496061820536852
