train_acc,train_loss,test_acc,test_loss
0.9999833333333333,0.00012622711753162245,0.99,0.049035402946174145
