train_acc,train_loss,test_acc,test_loss
1.0,1.9135739876219304e-05,0.9924,0.03416316471993923
