train_acc,train_loss,test_acc,test_loss
1.0,1.578893903418551e-05,0.9916,0.03762076254934073
