train_acc,train_loss,test_acc,test_loss
0.9999833333333333,0.00021827979168544213,0.9891,0.03996738158166409
