train_acc,train_loss,test_acc,test_loss
1.0,0.00017182524176557006,0.9901,0.04580324850976467
