train_acc,train_loss,test_acc,test_loss
1.0,0.00019144109252617152,0.9891,0.04026045985519886
