train_acc,train_loss,test_acc,test_loss
0.9991666666666666,0.0035234418173786253,0.9873,0.054882340505719183
