train_acc,train_loss,test_acc,test_loss
1.0,3.186700838947824e-05,0.9916,0.037625431269407275
