train_acc,train_loss,test_acc,test_loss
0.9993166666666666,0.003805784184563284,0.9895,0.03495935052633285
