train_acc,train_loss,test_acc,test_loss
1.0,3.241762707754484e-05,0.9922,0.036375352554023264
