train_acc,train_loss,test_acc,test_loss
0.9995333333333334,0.0018518034519123224,0.9872,0.052108919620513915
