train_acc,train_loss,test_acc,test_loss
1.0,3.369468670371134e-05,0.9928,0.030252667516469954
