train_acc,train_loss,test_acc,test_loss
0.9967,0.011521603989725312,0.9861,0.051948361471295355
