train_acc,train_loss,test_acc,test_loss
0.99995,0.0002793933788780123,0.9894,0.04952167570590973
