train_acc,train_loss,test_acc,test_loss
1.0,5.564848103555657e-05,0.9914,0.04078135518357158
