train_acc,train_loss,test_acc,test_loss
0.99995,0.0003474768333641502,0.9892,0.06132734715938568
