train_acc,train_loss,test_acc,test_loss
1.0,5.165661562690123e-05,0.9912,0.03709222078323364
