train_acc,train_loss,test_acc,test_loss
0.9999833333333333,0.00014126874433107635,0.9915,0.04440286308526993
