train_acc,train_loss,test_acc,test_loss
1.0,5.660844617523253e-05,0.9919,0.035391398891806605
