train_acc,train_loss,test_acc,test_loss
0.9959,0.013793450508577129,0.9846,0.05403505936264992
