train_acc,train_loss,test_acc,test_loss
1.0,0.00010728368930964885,0.9915,0.026607243157923222
