train_acc,train_loss,test_acc,test_loss
0.99995,0.0011254695578827522,0.9898,0.03730759546160698
