train_acc,train_loss,test_acc,test_loss
1.0,1.3532479277955644e-05,0.9918,0.04229861907660961
