train_acc,train_loss,test_acc,test_loss
1.0,1.574685013186657e-05,0.992,0.0354463592171669
