train_acc,train_loss,test_acc,test_loss
1.0,0.00014306792315134468,0.9915,0.03293006382882595
