train_acc,train_loss,test_acc,test_loss
0.9999666666666667,0.00020817902495764428,0.9892,0.05784456618130207
