train_acc,train_loss,test_acc,test_loss
0.9991,0.0033494900116541734,0.9873,0.054043940268456936
