train_acc,train_loss,test_acc,test_loss
1.0,6.589347854060179e-05,0.9921,0.03628974985331297
