train_acc,train_loss,test_acc,test_loss
1.0,8.019643555599033e-05,0.9921,0.027973635587841272
