train_acc,train_loss,test_acc,test_loss
0.9995833333333334,0.003224581980612129,0.9869,0.04778279438614845
