train_acc,train_loss,test_acc,test_loss
0.9998166666666667,0.0011549208479361066,0.9875,0.06105418223887682
