train_acc,train_loss,test_acc,test_loss
1.0,4.908016794615833e-05,0.9909,0.046706953831017015
