train_acc,train_loss,test_acc,test_loss
0.9999833333333333,0.00016888725937557562,0.9906,0.03465712433680892
