train_acc,train_loss,test_acc,test_loss
1.0,2.4190965761287467e-05,0.9918,0.03821280188858509
