train_acc,train_loss,test_acc,test_loss
0.9999666666666667,0.0002778742538187847,0.9899,0.06366260554641485
