train_acc,train_loss,test_acc,test_loss
1.0,4.8703328896711655e-05,0.9924,0.02949702739715576
