train_acc,train_loss,test_acc,test_loss
1.0,7.332155611644945e-05,0.9905,0.05084014255553484
