train_acc,train_loss,test_acc,test_loss
0.9980333333333333,0.009910616208799183,0.9891,0.03671761229634285
