train_acc,train_loss,test_acc,test_loss
1.0,5.21456165794613e-05,0.9922,0.02580470982939005
