train_acc,train_loss,test_acc,test_loss
0.9997833333333334,0.0009896605178558579,0.9875,0.06593117415904999
