train_acc,train_loss,test_acc,test_loss
0.99995,0.000570371645396032,0.991,0.03646738100796938
