train_acc,train_loss,test_acc,test_loss
0.9991,0.008992877253331245,0.9913,0.026438516192138196
