train_acc,train_loss,test_acc,test_loss
0.9997333333333334,0.0019836726249195637,0.9887,0.04722149167209864
