train_acc,train_loss,test_acc,test_loss
0.9966833333333334,0.011082723209013542,0.9851,0.05351705122739077
