train_acc,train_loss,test_acc,test_loss
0.99935,0.0031975670349008094,0.9875,0.04690912347286939
