train_acc,train_loss,test_acc,test_loss
0.9983666666666666,0.0068615603959187865,0.9849,0.0532989539206028
