train_acc,train_loss,test_acc,test_loss
1.0,4.309030385532727e-05,0.9923,0.030391064286231995
