train_acc,train_loss,test_acc,test_loss
1.0,1.3713059629102038e-05,0.9919,0.035894254315644504
