train_acc,train_loss,test_acc,test_loss
1.0,0.00014505382538724612,0.9909,0.03187909871339798
