train_acc,train_loss,test_acc,test_loss
1.0,1.2744697058527283e-05,0.9922,0.0348925200290978
