train_acc,train_loss,test_acc,test_loss
0.9999333333333333,0.0005912995739587738,0.9906,0.040889574028551576
