train_acc,train_loss,test_acc,test_loss
0.9999833333333333,0.00013071820482461285,0.9914,0.03827211279422045
