train_acc,train_loss,test_acc,test_loss
0.9992333333333333,0.003599480979028158,0.9872,0.058150953613221645
