train_acc,train_loss,test_acc,test_loss
0.9999833333333333,0.0004178138638962992,0.9902,0.031082029454410076
