train_acc,train_loss,test_acc,test_loss
0.9996,0.0018081447012567272,0.9874,0.05031836349517107
