train_acc,train_loss,test_acc,test_loss
0.9999833333333333,0.00021828259329292147,0.9907,0.03442653156816959
