train_acc,train_loss,test_acc,test_loss
1.0,1.150279316182908e-05,0.9915,0.04072891809046268
