train_acc,train_loss,test_acc,test_loss
0.9995333333333334,0.003291287203319371,0.9868,0.04631135929375887
