train_acc,train_loss,test_acc,test_loss
1.0,7.953110986515336e-05,0.9915,0.02908136025071144
