train_acc,train_loss,test_acc,test_loss
1.0,0.00015747874076623702,0.9916,0.03574779126793146
