train_acc,train_loss,test_acc,test_loss
0.9980333333333333,0.0069402806189221644,0.9865,0.0576284471899271
