train_acc,train_loss,test_acc,test_loss
0.9995166666666667,0.0021975629604033503,0.9875,0.05393885802477598
