train_acc,train_loss,test_acc,test_loss
1.0,1.0968400359464188e-05,0.9925,0.03819518107920885
