train_acc,train_loss,test_acc,test_loss
0.11236666666666667,2.3011595129966738,0.1135,2.3010231971740724
