train_acc,train_loss,test_acc,test_loss
0.9999833333333333,0.00018082484093611128,0.9908,0.05039373822510242
