train_acc,train_loss,test_acc,test_loss
0.999972698854717,0.000257415857639579,0.9729179471419791,0.1282244564758407
