train_acc,train_loss,test_acc,test_loss
0.9999590482820754,0.00033685672639655203,0.9688076213890596,0.1551955241571974
