train_acc,train_loss,test_acc,test_loss
0.9999590482820754,0.0004916881725138582,0.9651966810079902,0.19663147738686315
