train_acc,train_loss,test_acc,test_loss
0.999972698854717,0.00031355643020376464,0.9704978488014752,0.1432528822786278
