train_acc,train_loss,test_acc,test_loss
0.9999590482820754,0.0005759284428456118,0.9658881376767056,0.17481535328207193
