train_acc,train_loss,test_acc,test_loss
0.9999590482820754,0.0009810020675177912,0.9699216349108789,0.13335855222410625
