train_acc,train_loss,test_acc,test_loss
0.999972698854717,0.0002625099207491715,0.9716502765826674,0.13131179177650698
