train_acc,train_loss,test_acc,test_loss
0.999972698854717,0.00033067435347097546,0.9691917639827904,0.15276923513522855
