train_acc,train_loss,test_acc,test_loss
0.9999317471367923,0.0012460192012588016,0.9688844499078058,0.14124217712216908
