train_acc,train_loss,test_acc,test_loss
0.9999317471367923,0.0009955842145466926,0.9654271665642287,0.14661282811451842
