train_acc,train_loss,test_acc,test_loss
0.9999453977094339,0.0005461541678979867,0.9668484941610326,0.1842915453016758
