train_acc,train_loss,test_acc,test_loss
0.9999590482820754,0.001263014552957454,0.9673478795328826,0.1476505089689184
