train_acc,train_loss,test_acc,test_loss
0.9995222299575467,0.0033416324719862155,0.9627381684081131,0.17108242517268216
