train_acc,train_loss,test_acc,test_loss
0.9999317471367923,0.0010244092885153117,0.9662722802704364,0.14610833012395436
