train_acc,train_loss,test_acc,test_loss
0.999972698854717,0.00032324640660836185,0.9696911493546404,0.14684558728778804
