train_acc,train_loss,test_acc,test_loss
0.9999317471367923,0.0009999176954561088,0.9692301782421635,0.13925887644290924
