train_acc,train_loss,test_acc,test_loss
0.999972698854717,0.0005335665997778493,0.9661186232329441,0.17614996157310628
