train_acc,train_loss,test_acc,test_loss
0.9999453977094339,0.000337273146362497,0.9703826060233559,0.14277794184508147
