train_acc,train_loss,test_acc,test_loss
0.999972698854717,0.0005413162218394211,0.9661186232329441,0.19171039470367962
