train_acc,train_loss,test_acc,test_loss
0.9999317471367923,0.0010693785506363555,0.9690381069452981,0.13826505370714046
