train_acc,train_loss,test_acc,test_loss
0.9998907954188678,0.0011164512260300988,0.9655424093423479,0.1706415941869771
