train_acc,train_loss,test_acc,test_loss
0.9999863494273584,0.0003195711210168697,0.9706899200983405,0.1396914641890261
