train_acc,train_loss,test_acc,test_loss
0.9999044459915093,0.0010015750720757186,0.9660417947141979,0.16329970403953833
