train_acc,train_loss,test_acc,test_loss
0.9999453977094339,0.0011282060421197802,0.9694222495390289,0.13834747589296764
