train_acc,train_loss,test_acc,test_loss
0.998771448462263,0.0061473357396804405,0.9560156730178242,0.21334222552401047
