train_acc,train_loss,test_acc,test_loss
0.9999453977094339,0.0004768769991838977,0.9661570374923172,0.18671191180193866
