train_acc,train_loss,test_acc,test_loss
0.9983892324283004,0.007582297488870854,0.9555547019053473,0.2108050259175124
