train_acc,train_loss,test_acc,test_loss
0.9994812782396222,0.003412398884098071,0.9660417947141979,0.1664254085885154
