train_acc,train_loss,test_acc,test_loss
0.9999453977094339,0.00036538147125267297,0.968500307314075,0.15697327394176414
