train_acc,train_loss,test_acc,test_loss
0.9999453977094339,0.00034234530844637573,0.9686539643515673,0.1593887630712103
