train_acc,train_loss,test_acc,test_loss
0.99996,0.0013498384784907103,0.9298,0.2787328824400902
