train_acc,train_loss,test_acc,test_loss
0.99704,0.01536038877442479,0.9075,0.36160251796245574
