train_acc,train_loss,test_acc,test_loss
0.9999,0.001128262826241553,0.931,0.290457147359848
