train_acc,train_loss,test_acc,test_loss
0.99998,0.0010944847657810898,0.9354,0.2745766580104828
