{"epoch": 99, "train_loss": 0.0006779800268122926, "train_accuracy": 0.99998, "learning_rate": 0.0, "test_accuracy": 0.9279, "test_loss": 0.2804711997509003, "_timestamp": 1685706799.0463119, "_runtime": 4728.047767877579, "_step": 99}