layers,full_ensembling_train_accs,full_merging_train_accs,full_ensembling_test_accs,full_merging_test_accs,full_ensembling_train_losses,full_merging_train_losses,full_ensembling_test_losses,full_merging_test_losses,default_num_params,only_ensemble_i_train_accs,only_ensemble_i_train_losses,only_ensemble_i_test_accs,only_ensemble_i_test_losses,only_ensemble_i_num_params,only_merge_i_train_accs,only_merge_i_train_losses,only_merge_i_test_accs,only_merge_i_test_losses,only_merge_i_num_params
1.0,0.9991127,0.89703375,0.9616626,0.8817609,0.004070215,0.64794296,0.18242452,0.72153527,9225610.0,0.9263006,0.51087505,0.9106484,0.57812154,9301130.0,0.99836195,0.009195757,0.95981866,0.17326024,36733960.0
2.0,0.9991127,0.89703375,0.9616626,0.8817609,0.004070215,0.64794296,0.18242452,0.72153527,9225610.0,0.9184242,0.56207067,0.9020052,0.6351621,9594378.0,0.9972289,0.01241952,0.9584358,0.18498525,36145800.0
3.0,0.9991127,0.89703375,0.9616626,0.8817609,0.004070215,0.64794296,0.18242452,0.72153527,9225610.0,0.9425857,0.450527,0.9189459,0.5349646,10110602.0,0.98883384,0.038349036,0.9555547,0.18392298,35113480.0
4.0,0.9991127,0.89703375,0.9616626,0.8817609,0.004070215,0.64794296,0.18242452,0.72153527,9225610.0,0.932457,0.47075045,0.9097649,0.54523647,10995338.0,0.9902535,0.035085216,0.95893514,0.17781208,33344010.0
5.0,0.9991127,0.89703375,0.9616626,0.8817609,0.004070215,0.64794296,0.18242452,0.72153527,9225610.0,0.9092237,0.4894479,0.8951291,0.5564266,12765066.0,0.99833465,0.009846941,0.9614705,0.15989964,29804810.0
6.0,0.9991127,0.89703375,0.9616626,0.8817609,0.004070215,0.64794296,0.18242452,0.72153527,9225610.0,0.9205264,0.42557177,0.9067686,0.49137452,13944714.0,0.9989353,0.011169203,0.9614321,0.15028714,27445514.0
7.0,0.9991127,0.89703375,0.9616626,0.8817609,0.004070215,0.64794296,0.18242452,0.72153527,9225610.0,0.923079,0.4260947,0.9080747,0.4904607,13944714.0,0.99874413,0.012563824,0.9601644,0.15491566,27445514.0
8.0,0.9991127,0.89703375,0.9616626,0.8817609,0.004070215,0.64794296,0.18242452,0.72153527,9225610.0,0.9188064,0.4485099,0.9053857,0.510672,11590538.0,0.99897623,0.009713933,0.9611248,0.15653872,32158986.0
