layers,full_ensembling_train_accs,full_merging_train_accs,full_ensembling_test_accs,full_merging_test_accs,full_ensembling_train_losses,full_merging_train_losses,full_ensembling_test_losses,full_merging_test_losses,default_num_params,only_ensemble_i_train_accs,only_ensemble_i_train_losses,only_ensemble_i_test_accs,only_ensemble_i_test_losses,only_ensemble_i_num_params,only_merge_i_train_accs,only_merge_i_train_losses,only_merge_i_test_accs,only_merge_i_test_losses,only_merge_i_num_params
1.0,0.9991127,0.9991127,0.9616626,0.9616626,0.004070215,0.004070215,0.18242452,0.18242452,9225610.0,0.92508566,0.50944424,0.90911186,0.5754552,9301130.0,0.99836195,0.009195757,0.95981866,0.17326024,36733960.0
2.0,0.9991127,0.9991127,0.9616626,0.9616626,0.004070215,0.004070215,0.18242452,0.18242452,9225610.0,0.92322916,0.5535042,0.90484786,0.6256535,9594378.0,0.9972153,0.0124199875,0.95835894,0.18497969,36145800.0
3.0,0.9991127,0.9991127,0.9616626,0.9616626,0.004070215,0.004070215,0.18242452,0.18242452,9225610.0,0.9453021,0.44446433,0.9227489,0.5263415,10110602.0,0.98902494,0.03854588,0.9555163,0.18440855,35113480.0
4.0,0.9991127,0.9991127,0.9616626,0.9616626,0.004070215,0.004070215,0.18242452,0.18242452,9225610.0,0.93371284,0.46586245,0.9102643,0.5378905,10995338.0,0.9898849,0.03585961,0.95832056,0.17789444,33344010.0
5.0,0.9991127,0.9991127,0.9616626,0.9616626,0.004070215,0.004070215,0.18242452,0.18242452,9225610.0,0.913742,0.48687327,0.8979333,0.5561558,12765066.0,0.99833465,0.0098727755,0.96139365,0.16016944,29804810.0
6.0,0.9991127,0.9991127,0.9616626,0.9616626,0.004070215,0.004070215,0.18242452,0.18242452,9225610.0,0.91832864,0.42542154,0.90461737,0.48951596,13944714.0,0.9989353,0.011169203,0.9614321,0.15028714,27445514.0
7.0,0.9991127,0.9991127,0.9616626,0.9616626,0.004070215,0.004070215,0.18242452,0.18242452,9225610.0,0.92423934,0.4297186,0.90880454,0.49685752,13944714.0,0.99874413,0.012563824,0.9601644,0.15491566,27445514.0
8.0,0.9991127,0.9991127,0.9616626,0.9616626,0.004070215,0.004070215,0.18242452,0.18242452,9225610.0,0.9150252,0.45624757,0.89989245,0.5212607,11590538.0,0.99897623,0.009713933,0.9611248,0.15653872,32158986.0
