layers,full_ensembling_train_accs,full_merging_train_accs,full_ensembling_test_accs,full_merging_test_accs,full_ensembling_train_losses,full_merging_train_losses,full_ensembling_test_losses,full_merging_test_losses,default_num_params,only_ensemble_i_train_accs,only_ensemble_i_train_losses,only_ensemble_i_test_accs,only_ensemble_i_test_losses,only_ensemble_i_num_params,only_merge_i_train_accs,only_merge_i_train_losses,only_merge_i_test_accs,only_merge_i_test_losses,only_merge_i_num_params
1.0,0.99998,0.80868,0.9083,0.7676,0.0011282217,0.6772972,0.4139598,0.7669975,9225610.0,0.85126,0.5504284,0.8046,0.6526424,9301130.0,0.99594,0.015095619,0.8972,0.42944136,36733960.0
2.0,0.99998,0.80868,0.9083,0.7676,0.0011282217,0.6772972,0.4139598,0.7669975,9225610.0,0.87864,0.48105592,0.8246,0.5945701,9594378.0,0.99306,0.023655232,0.8937,0.42182615,36145800.0
3.0,0.99998,0.80868,0.9083,0.7676,0.0011282217,0.6772972,0.4139598,0.7669975,9225610.0,0.8922,0.43775114,0.8286,0.5724281,10110602.0,0.98136,0.053052776,0.8891,0.43087554,35113480.0
4.0,0.99998,0.80868,0.9083,0.7676,0.0011282217,0.6772972,0.4139598,0.7669975,9225610.0,0.89534,0.42691413,0.8295,0.5607913,10995338.0,0.97588,0.06680597,0.8867,0.4495862,33344010.0
5.0,0.99998,0.80868,0.9083,0.7676,0.0011282217,0.6772972,0.4139598,0.7669975,9225610.0,0.83302,0.56091195,0.7864,0.6732198,12765066.0,0.99872,0.009278026,0.9016,0.36723623,29804810.0
6.0,0.99998,0.80868,0.9083,0.7676,0.0011282217,0.6772972,0.4139598,0.7669975,9225610.0,0.8178,0.572523,0.7718,0.68254864,13944714.0,0.9999,0.00396698,0.9073,0.34281707,27445514.0
7.0,0.99998,0.80868,0.9083,0.7676,0.0011282217,0.6772972,0.4139598,0.7669975,9225610.0,0.79466,0.6145011,0.7548,0.7252242,13944714.0,0.99978,0.0051438306,0.9053,0.35086358,27445514.0
8.0,0.99998,0.80868,0.9083,0.7676,0.0011282217,0.6772972,0.4139598,0.7669975,9225610.0,0.80312,0.60896766,0.7631,0.71045405,11590538.0,0.99992,0.0032124976,0.9079,0.35931474,32158986.0
