{"epoch": 99, "train_loss": 0.0008929426825488917, "train_accuracy": 0.99998, "learning_rate": 0.0, "test_accuracy": 0.9256, "test_loss": 0.295838737487793, "_timestamp": 1685663398.7007341, "_runtime": 1314.1450562477112, "_step": 99, "_wandb": {"runtime": 1314}}