{"epoch": 99, "train_loss": 0.0013895731867523864, "train_accuracy": 0.9998, "_timestamp": 1685643958.1833386, "_runtime": 4321.388248682022, "_step": 99, "_wandb": {"runtime": 4321}}