{"epoch": 99, "train_loss": 0.0006946875475114211, "train_accuracy": 0.99998, "learning_rate": 0.0, "test_accuracy": 0.9292, "test_loss": 0.27967009991407393, "_timestamp": 1685711551.5511568, "_runtime": 4735.144432783127, "_step": 99}