{"epoch": 9, "train_loss": 1.1071940869092942, "train_accuracy": 0.60366, "_timestamp": 1685637538.1124156, "_runtime": 207.0565845966339, "_step": 9, "_wandb": {"runtime": 217}}