{"epoch": 18, "train_loss": 2.3029526686668396, "train_accuracy": 0.09936, "_timestamp": 1685638400.7879293, "_runtime": 795.0769271850586, "_step": 18, "_wandb": {"runtime": 813}}